Player,Points
James Harden,27
James Harden,27
James Harden,29
James Harden,22
James Harden,27
James Harden,27
James Harden,20
James Harden,29
James Harden,31
James Harden,29
James Harden,56
James Harden,35
James Harden,38
James Harden,26
James Harden,38
James Harden,48
James Harden,29
James Harden,21
James Harden,37
James Harden,37
James Harden,29
James Harden,36
James Harden,29
James Harden,48
James Harden,26
James Harden,21
James Harden,28
James Harden,31
James Harden,26
James Harden,51
James Harden,51
James Harden,29
James Harden,34
James Harden,20
James Harden,40
James Harden,
James Harden,
James Harden,
James Harden,
James Harden,
James Harden,
James Harden,
James Harden,10
James Harden,22
James Harden,28
James Harden,25
James Harden,23
James Harden,27
James Harden,60
James Harden,28
James Harden,16
James Harden,36
James Harden,41
James Harden,28
James Harden,27
James Harden,34
James Harden,28
James Harden,31
James Harden,41
James Harden,26
James Harden,25
James Harden,26
James Harden,23
James Harden,26
James Harden,40
James Harden,
James Harden,28
James Harden,24
James Harden,32
James Harden,34
James Harden,42
James Harden,21
James Harden,27
James Harden,18
James Harden,
James Harden,28
James Harden,25
James Harden,38
James Harden,24
James Harden,26
James Harden,21
Anthony Davis,33
Anthony Davis,35
Anthony Davis,27
Anthony Davis,2
Anthony Davis,
Anthony Davis,30
Anthony Davis,39
Anthony Davis,24
Anthony Davis,30
Anthony Davis,27
Anthony Davis,37
Anthony Davis,18
Anthony Davis,25
Anthony Davis,13
Anthony Davis,19
Anthony Davis,17
Anthony Davis,36
Anthony Davis,29
Anthony Davis,23
Anthony Davis,30
Anthony Davis,17
Anthony Davis,19
Anthony Davis,
Anthony Davis,
Anthony Davis,
Anthony Davis,18
Anthony Davis,29
Anthony Davis,
Anthony Davis,25
Anthony Davis,28
Anthony Davis,37
Anthony Davis,20
Anthony Davis,17
Anthony Davis,33
Anthony Davis,33
Anthony Davis,31
Anthony Davis,29
Anthony Davis,16
Anthony Davis,30
Anthony Davis,
Anthony Davis,36
Anthony Davis,48
Anthony Davis,45
Anthony Davis,8
Anthony Davis,21
Anthony Davis,34
Anthony Davis,19
Anthony Davis,27
Anthony Davis,25
Anthony Davis,23
Anthony Davis,43
Anthony Davis,38
Anthony Davis,15
Anthony Davis,14
Anthony Davis,44
Anthony Davis,38
Anthony Davis,42
Anthony Davis,45
Anthony Davis,27
Anthony Davis,53
Anthony Davis,26
Anthony Davis,23
Anthony Davis,41
Anthony Davis,17
Anthony Davis,
Anthony Davis,25
Anthony Davis,31
Anthony Davis,21
Anthony Davis,26
Anthony Davis,34
Anthony Davis,37
Anthony Davis,28
Anthony Davis,33
Anthony Davis,25
Anthony Davis,36
Anthony Davis,16
Anthony Davis,25
Anthony Davis,28
Anthony Davis,33
Anthony Davis,34
Anthony Davis,28
Anthony Davis,22
Lebron James,29
Lebron James,24
Lebron James,22
Lebron James,34
Lebron James,29
Lebron James,18
Lebron James,16
Lebron James,33
Lebron James,57
Lebron James,26
Lebron James,30
Lebron James,33
Lebron James,19
Lebron James,23
Lebron James,31
Lebron James,39
Lebron James,18
Lebron James,33
Lebron James,27
Lebron James,30
Lebron James,21
Lebron James,24
Lebron James,34
Lebron James,23
Lebron James,32
Lebron James,29
Lebron James,30
Lebron James,25
Lebron James,25
Lebron James,29
Lebron James,20
Lebron James,39
Lebron James,34
Lebron James,20
Lebron James,16
Lebron James,29
Lebron James,24
Lebron James,19
Lebron James,33
Lebron James,10
Lebron James,26
Lebron James,27
Lebron James,32
Lebron James,16
Lebron James,18
Lebron James,28
Lebron James,26
Lebron James,25
Lebron James,21
Lebron James,24
Lebron James,11
Lebron James,25
Lebron James,37
Lebron James,22
Lebron James,24
Lebron James,37
Lebron James,32
Lebron James,18
Lebron James,33
Lebron James,31
Lebron James,30
Lebron James,25
Lebron James,31
Lebron James,39
Lebron James,25
Lebron James,24
Lebron James,28
Lebron James,35
Lebron James,33
Lebron James,40
Lebron James,35
Lebron James,27
Lebron James,37
Lebron James,18
Lebron James,41
Lebron James,27
Lebron James,16
Lebron James,27
Lebron James,33
Lebron James,44
Lebron James,26
Lebron James,10
Damian Lillard,27
Damian Lillard,18
Damian Lillard,26
Damian Lillard,13
Damian Lillard,25
Damian Lillard,25
Damian Lillard,36
Damian Lillard,33
Damian Lillard,32
Damian Lillard,36
Damian Lillard,12
Damian Lillard,19
Damian Lillard,15
Damian Lillard,26
Damian Lillard,29
Damian Lillard,22
Damian Lillard,21
Damian Lillard,30
Damian Lillard,34
Damian Lillard,29
Damian Lillard,32
Damian Lillard,18
Damian Lillard,29
Damian Lillard,30
Damian Lillard,35
Damian Lillard,39
Damian Lillard,18
Damian Lillard,21
Damian Lillard,18
Damian Lillard,17
Damian Lillard,17
Damian Lillard,
Damian Lillard,
Damian Lillard,
Damian Lillard,
Damian Lillard,
Damian Lillard,25
Damian Lillard,14
Damian Lillard,
Damian Lillard,
Damian Lillard,29
Damian Lillard,23
Damian Lillard,21
Damian Lillard,31
Damian Lillard,26
Damian Lillard,31
Damian Lillard,25
Damian Lillard,31
Damian Lillard,29
Damian Lillard,28
Damian Lillard,13
Damian Lillard,32
Damian Lillard,21
Damian Lillard,20
Damian Lillard,18
Damian Lillard,50
Damian Lillard,39
Damian Lillard,44
Damian Lillard,24
Damian Lillard,40
Damian Lillard,26
Damian Lillard,35
Damian Lillard,20
Damian Lillard,39
Damian Lillard,37
Damian Lillard,28
Damian Lillard,32
Damian Lillard,24
Damian Lillard,24
Damian Lillard,23
Damian Lillard,20
Damian Lillard,26
Damian Lillard,24
Damian Lillard,41
Damian Lillard,
Damian Lillard,17
Damian Lillard,27
Damian Lillard,29
Damian Lillard,
Damian Lillard,33
Damian Lillard,25
Damian Lillard,36
Giannis Antetokounmpo,37
Giannis Antetokounmpo,34
Giannis Antetokounmpo,44
Giannis Antetokounmpo,32
Giannis Antetokounmpo,28
Giannis Antetokounmpo,33
Giannis Antetokounmpo,28
Giannis Antetokounmpo,14
Giannis Antetokounmpo,29
Giannis Antetokounmpo,40
Giannis Antetokounmpo,28
Giannis Antetokounmpo,33
Giannis Antetokounmpo,27
Giannis Antetokounmpo,21
Giannis Antetokounmpo,24
Giannis Antetokounmpo,23
Giannis Antetokounmpo,
Giannis Antetokounmpo,27
Giannis Antetokounmpo,32
Giannis Antetokounmpo,20
Giannis Antetokounmpo,33
Giannis Antetokounmpo,40
Giannis Antetokounmpo,25
Giannis Antetokounmpo,27
Giannis Antetokounmpo,37
Giannis Antetokounmpo,32
Giannis Antetokounmpo,29
Giannis Antetokounmpo,28
Giannis Antetokounmpo,27
Giannis Antetokounmpo,26
Giannis Antetokounmpo,
Giannis Antetokounmpo,28
Giannis Antetokounmpo,22
Giannis Antetokounmpo,23
Giannis Antetokounmpo,26
Giannis Antetokounmpo,31
Giannis Antetokounmpo,24
Giannis Antetokounmpo,34
Giannis Antetokounmpo,17
Giannis Antetokounmpo,26
Giannis Antetokounmpo,23
Giannis Antetokounmpo,22
Giannis Antetokounmpo,27
Giannis Antetokounmpo,22
Giannis Antetokounmpo,
Giannis Antetokounmpo,
Giannis Antetokounmpo,41
Giannis Antetokounmpo,27
Giannis Antetokounmpo,31
Giannis Antetokounmpo,17
Giannis Antetokounmpo,29
Giannis Antetokounmpo,16
Giannis Antetokounmpo,23
Giannis Antetokounmpo,23
Giannis Antetokounmpo,32
Giannis Antetokounmpo,15
Giannis Antetokounmpo,36
Giannis Antetokounmpo,26
Giannis Antetokounmpo,20
Giannis Antetokounmpo,23
Giannis Antetokounmpo,11
Giannis Antetokounmpo,24
Giannis Antetokounmpo,35
Giannis Antetokounmpo,18
Giannis Antetokounmpo,30
Giannis Antetokounmpo,28
Giannis Antetokounmpo,20
Giannis Antetokounmpo,38
Giannis Antetokounmpo,33
Giannis Antetokounmpo,37
Giannis Antetokounmpo,12
Giannis Antetokounmpo,
Giannis Antetokounmpo,25
Giannis Antetokounmpo,26
Giannis Antetokounmpo,32
Giannis Antetokounmpo,27
Giannis Antetokounmpo,18
Giannis Antetokounmpo,29
Giannis Antetokounmpo,19
Giannis Antetokounmpo,
Giannis Antetokounmpo,
Giannis Antetokounmpo,10
